transaction_id,account_id,transaction_date,transaction_type,channel,amount,currency,status
1,325,2025-11-16,transfer_out,mobile_app,3992.51,BRL,approved
2,274,2026-04-26,deposit,atm,2349.66,BRL,pending
3,181,2025-02-06,payment,atm,1453.15,BRL,rejected
4,134,2025-06-23,deposit,mobile_app,3150.21,BRL,approved
5,378,2026-05-12,transfer_out,mobile_app,146.22,BRL,approved
6,259,2025-10-12,deposit,atm,4258.71,BRL,approved
7,316,2025-09-21,payment,mobile_app,1383.33,BRL,approved
8,310,2025-06-04,withdrawal,branch,4551.56,BRL,approved
9,90,2025-08-30,payment,branch,3914.81,BRL,approved
10,271,2025-03-28,deposit,internet_banking,1720.81,BRL,rejected
11,79,2026-02-27,transfer_in,branch,3766.28,BRL,approved
12,339,2025-06-21,transfer_in,internet_banking,3632.74,BRL,rejected
13,376,2025-09-28,payment,mobile_app,281.09,BRL,approved
14,86,2025-11-05,transfer_in,branch,1999.74,BRL,rejected
15,120,2026-02-04,transfer_in,branch,3420.71,BRL,approved
16,75,2025-01-13,transfer_out,atm,4352.69,BRL,pending
17,196,2025-02-12,payment,mobile_app,4809.2,BRL,rejected
18,327,2026-03-19,payment,atm,4781.36,BRL,approved
19,139,2025-09-19,payment,branch,4013.56,BRL,pending
20,346,2025-07-19,withdrawal,atm,3674.22,BRL,approved
21,161,2025-01-09,transfer_out,mobile_app,62.78,BRL,approved
22,211,2026-04-02,deposit,atm,2631.07,BRL,approved
23,372,2025-02-04,payment,mobile_app,1266.96,BRL,rejected
24,48,2025-08-11,deposit,mobile_app,4693.14,BRL,approved
25,45,2025-07-09,transfer_out,mobile_app,658.24,BRL,approved
26,130,2025-03-19,payment,branch,2340.11,BRL,approved
27,219,2025-03-17,payment,atm,1294.11,BRL,approved
28,196,2025-03-03,transfer_in,atm,1669.95,BRL,approved
29,92,2025-07-25,transfer_in,branch,356.3,BRL,approved
30,331,2026-03-18,transfer_in,internet_banking,551.07,BRL,rejected
31,330,2025-09-23,deposit,mobile_app,4563.92,BRL,approved
32,38,2025-09-14,deposit,branch,2861.01,BRL,approved
33,255,2025-01-01,withdrawal,mobile_app,3267.8,BRL,pending
34,137,2026-02-05,withdrawal,mobile_app,3503.28,BRL,rejected
35,363,2026-02-18,transfer_in,mobile_app,2395.92,BRL,rejected
36,116,2026-05-09,deposit,mobile_app,1928.28,BRL,rejected
37,275,2025-11-07,payment,branch,1673.86,BRL,approved
38,324,2025-12-15,deposit,mobile_app,1833.12,BRL,pending
39,149,2025-02-10,withdrawal,branch,891.33,BRL,approved
40,154,2026-01-03,transfer_in,branch,4483.34,BRL,approved
41,324,2025-05-24,transfer_in,mobile_app,3679.27,BRL,approved
42,13,2026-02-03,transfer_out,mobile_app,1200.04,BRL,rejected
43,330,2026-04-06,payment,mobile_app,2503.42,BRL,approved
44,174,2025-02-13,deposit,branch,1695.22,BRL,approved
45,109,2025-06-02,transfer_out,internet_banking,2297.27,BRL,approved
46,19,2025-01-20,withdrawal,branch,2449.58,BRL,rejected
47,24,2025-05-14,withdrawal,mobile_app,3509.47,BRL,approved
48,324,2025-04-10,deposit,branch,4524.27,BRL,rejected
49,88,2025-04-19,transfer_out,mobile_app,329.15,BRL,pending
50,305,2025-07-27,transfer_out,branch,1110.66,BRL,approved
51,378,2025-05-21,transfer_in,atm,1627.93,BRL,approved
52,24,2025-03-06,transfer_out,mobile_app,875.5,BRL,approved
53,73,2026-01-14,transfer_in,internet_banking,848.57,BRL,pending
54,125,2025-04-13,transfer_out,branch,213.09,BRL,approved
55,9,2025-01-08,transfer_in,internet_banking,412.81,BRL,approved
56,362,2026-03-03,transfer_out,branch,4435.71,BRL,approved
57,106,2026-04-07,withdrawal,branch,3202.73,BRL,approved
58,90,2025-07-04,transfer_out,branch,3461.45,BRL,rejected
59,46,2025-01-05,payment,internet_banking,1745.79,BRL,approved
60,61,2026-01-06,transfer_out,internet_banking,4884.19,BRL,pending
61,321,2025-07-18,withdrawal,mobile_app,1389.37,BRL,approved
62,351,2025-06-13,transfer_in,mobile_app,2492.6,BRL,approved
63,331,2026-03-22,payment,atm,1432.47,BRL,approved
64,316,2025-02-23,transfer_in,internet_banking,226.15,BRL,approved
65,15,2025-03-14,transfer_in,internet_banking,2579.37,BRL,pending
66,304,2025-07-23,transfer_out,atm,1636.6,BRL,approved
67,57,2025-08-31,payment,branch,1146.63,BRL,approved
68,193,2026-05-12,withdrawal,mobile_app,376.91,BRL,pending
69,75,2026-04-11,withdrawal,internet_banking,4640.16,BRL,pending
70,192,2025-07-18,withdrawal,atm,2294.12,BRL,approved
71,104,2025-03-03,payment,atm,644.79,BRL,approved
72,57,2025-06-25,transfer_in,atm,2298.31,BRL,approved
73,152,2025-06-24,transfer_out,internet_banking,792.37,BRL,approved
74,211,2025-08-10,transfer_out,branch,2451.17,BRL,pending
75,143,2025-09-10,deposit,internet_banking,3652.79,BRL,approved
76,223,2025-06-02,transfer_out,mobile_app,1119.81,BRL,pending
77,23,2025-02-04,deposit,branch,4956.45,BRL,rejected
78,202,2025-04-11,transfer_in,branch,4050.49,BRL,pending
79,124,2025-01-13,deposit,branch,2796.85,BRL,approved
80,68,2025-04-03,payment,mobile_app,1485.99,BRL,pending
81,343,2026-04-16,payment,mobile_app,817.4,BRL,pending
82,238,2026-02-20,withdrawal,internet_banking,4372.25,BRL,approved
83,321,2025-01-02,transfer_in,mobile_app,3522.47,BRL,pending
84,354,2025-10-31,payment,branch,2659.29,BRL,approved
85,358,2025-08-01,transfer_out,mobile_app,2716.75,BRL,rejected
86,172,2026-01-08,deposit,mobile_app,2578.54,BRL,approved
87,197,2025-02-11,payment,atm,2332.11,BRL,approved
88,90,2025-07-29,transfer_out,internet_banking,3527.32,BRL,approved
89,123,2026-05-05,transfer_out,internet_banking,576.65,BRL,approved
90,165,2026-05-31,payment,branch,4490.69,BRL,approved
91,28,2026-04-09,deposit,branch,1870.34,BRL,rejected
92,270,2025-10-27,deposit,branch,2356.12,BRL,rejected
93,189,2026-04-14,deposit,mobile_app,949.88,BRL,approved
94,201,2025-03-20,withdrawal,mobile_app,1448.98,BRL,approved
95,142,2026-05-24,deposit,internet_banking,3488.44,BRL,approved
96,267,2025-05-16,deposit,branch,1472.92,BRL,approved
97,216,2025-01-22,transfer_in,atm,3691.17,BRL,approved
98,33,2025-08-26,deposit,atm,4360.25,BRL,pending
99,297,2025-12-01,payment,branch,3282.24,BRL,rejected
100,341,2026-04-01,transfer_out,branch,4211.12,BRL,approved
101,291,2025-11-10,withdrawal,internet_banking,4492.43,BRL,approved
102,117,2025-10-23,transfer_in,mobile_app,1865.79,BRL,approved
103,181,2025-06-20,payment,internet_banking,2285.07,BRL,rejected
104,147,2025-06-07,withdrawal,internet_banking,4866.3,BRL,approved
105,60,2025-05-10,deposit,branch,4968.93,BRL,approved
106,190,2025-02-05,withdrawal,atm,1033.73,BRL,approved
107,76,2025-06-16,payment,atm,2247.66,BRL,approved
108,13,2025-05-29,transfer_in,branch,4656.03,BRL,approved
109,80,2025-12-06,deposit,atm,4851.05,BRL,pending
110,149,2026-03-29,transfer_out,atm,3337.77,BRL,approved
111,375,2025-05-23,transfer_in,mobile_app,4501.87,BRL,approved
112,13,2025-08-14,transfer_in,branch,3091.43,BRL,approved
113,48,2025-07-19,payment,internet_banking,284.62,BRL,approved
114,101,2026-04-02,deposit,mobile_app,427.11,BRL,rejected
115,202,2025-02-27,withdrawal,atm,2457.42,BRL,pending
116,76,2026-01-17,transfer_in,mobile_app,1854.45,BRL,approved
117,177,2026-04-02,payment,mobile_app,1547.35,BRL,approved
118,373,2026-03-02,transfer_in,branch,3710.22,BRL,approved
119,84,2026-03-01,transfer_in,internet_banking,3645.74,BRL,rejected
120,307,2025-11-07,deposit,branch,726.76,BRL,rejected
121,172,2026-01-20,deposit,mobile_app,4666.43,BRL,approved
122,210,2026-04-19,payment,internet_banking,2078.42,BRL,approved
123,96,2026-05-18,transfer_in,mobile_app,1454.42,BRL,approved
124,300,2026-04-20,payment,internet_banking,2475.56,BRL,approved
125,2,2026-04-29,withdrawal,mobile_app,1320.76,BRL,approved
126,214,2025-09-08,withdrawal,mobile_app,2464.51,BRL,approved
127,142,2025-03-10,transfer_in,atm,4971.72,BRL,rejected
128,247,2025-09-22,transfer_out,branch,2185.98,BRL,approved
129,192,2025-01-18,transfer_out,atm,3667.46,BRL,approved
130,298,2026-04-18,deposit,internet_banking,739.22,BRL,approved
131,84,2026-03-06,deposit,atm,1370.63,BRL,approved
132,149,2025-03-20,payment,internet_banking,2652.77,BRL,approved
133,49,2025-11-27,transfer_out,atm,3765.62,BRL,approved
134,139,2025-12-27,payment,internet_banking,488.21,BRL,approved
135,71,2026-05-12,transfer_out,branch,1414.27,BRL,approved
136,84,2026-05-31,deposit,internet_banking,1097.2,BRL,approved
137,287,2025-04-27,transfer_out,branch,3451.37,BRL,pending
138,40,2025-01-18,deposit,branch,4096.04,BRL,approved
139,160,2026-03-29,payment,atm,703.68,BRL,approved
140,364,2025-05-02,payment,internet_banking,153.51,BRL,approved
141,356,2025-11-11,withdrawal,internet_banking,3443.36,BRL,approved
142,67,2025-04-25,deposit,mobile_app,2129.78,BRL,approved
143,248,2025-04-21,transfer_in,mobile_app,222.16,BRL,rejected
144,304,2025-09-17,deposit,mobile_app,2350.72,BRL,approved
145,155,2025-05-07,deposit,internet_banking,3775.21,BRL,rejected
146,103,2025-01-30,withdrawal,mobile_app,3356.3,BRL,approved
147,143,2025-06-14,transfer_out,internet_banking,1745.7,BRL,rejected
148,292,2025-01-15,deposit,internet_banking,504.54,BRL,approved
149,145,2025-01-05,withdrawal,mobile_app,4509.28,BRL,approved
150,259,2025-07-09,transfer_in,branch,1838.65,BRL,approved
151,93,2026-03-11,payment,internet_banking,4906.69,BRL,rejected
152,117,2025-11-18,transfer_in,mobile_app,573.1,BRL,pending
153,57,2026-01-05,transfer_out,atm,688.2,BRL,rejected
154,370,2026-05-21,deposit,mobile_app,420.42,BRL,pending
155,146,2025-11-16,transfer_in,branch,3005.94,BRL,approved
156,284,2026-03-15,transfer_in,internet_banking,1460.04,BRL,approved
157,244,2026-05-19,payment,mobile_app,904.69,BRL,pending
158,225,2025-03-29,transfer_out,mobile_app,3296.16,BRL,approved
159,203,2025-04-15,transfer_in,internet_banking,3478.24,BRL,approved
160,187,2026-02-18,withdrawal,mobile_app,1699.77,BRL,approved
161,218,2025-10-07,transfer_in,branch,1399.81,BRL,approved
162,244,2026-05-12,transfer_out,atm,4751.19,BRL,approved
163,233,2026-05-17,deposit,branch,619.73,BRL,approved
164,322,2025-02-24,withdrawal,mobile_app,158.32,BRL,pending
165,348,2026-01-27,deposit,atm,4860.64,BRL,approved
166,156,2025-03-20,transfer_out,branch,3119.93,BRL,pending
167,104,2026-05-18,payment,atm,3313.85,BRL,rejected
168,176,2025-02-02,transfer_out,branch,2737.63,BRL,approved
169,197,2026-01-21,transfer_in,branch,1579.65,BRL,pending
170,19,2025-11-07,deposit,internet_banking,892.58,BRL,pending
171,221,2026-02-03,withdrawal,branch,1569.17,BRL,approved
172,292,2026-04-27,transfer_in,branch,3303.79,BRL,rejected
173,81,2025-09-27,transfer_out,branch,288.13,BRL,rejected
174,194,2025-10-19,transfer_out,atm,3385.67,BRL,approved
175,15,2026-01-11,transfer_out,atm,235.14,BRL,rejected
176,14,2026-03-15,payment,atm,1909.06,BRL,approved
177,211,2025-09-08,payment,internet_banking,291.68,BRL,approved
178,332,2025-03-09,payment,atm,2966.73,BRL,approved
179,173,2025-11-30,withdrawal,mobile_app,108.36,BRL,pending
180,337,2026-03-08,transfer_in,atm,2844.57,BRL,approved
181,357,2025-11-21,transfer_in,branch,2944.07,BRL,rejected
182,200,2026-05-16,payment,mobile_app,2866.97,BRL,approved
183,173,2025-12-14,transfer_in,internet_banking,2518.81,BRL,rejected
184,154,2025-07-26,payment,branch,4847.44,BRL,approved
185,275,2025-02-18,withdrawal,atm,1443.9,BRL,rejected
186,206,2025-04-05,withdrawal,mobile_app,3126.62,BRL,rejected
187,173,2026-05-02,payment,branch,345.68,BRL,approved
188,178,2025-11-06,deposit,atm,3261.17,BRL,pending
189,340,2026-03-01,transfer_out,branch,1573.63,BRL,approved
190,320,2025-07-04,transfer_out,mobile_app,2271.61,BRL,rejected
191,96,2026-04-24,transfer_out,atm,2501.03,BRL,rejected
192,315,2025-03-03,transfer_in,internet_banking,4673.83,BRL,approved
193,237,2025-11-04,withdrawal,branch,1209.47,BRL,pending
194,164,2026-02-27,deposit,atm,3173.3,BRL,approved
195,331,2025-08-30,withdrawal,branch,1289.67,BRL,approved
196,59,2025-09-09,withdrawal,atm,967.66,BRL,pending
197,249,2026-03-09,transfer_out,mobile_app,4956.55,BRL,approved
198,82,2025-09-22,payment,atm,690.79,BRL,rejected
199,91,2026-05-13,deposit,mobile_app,4819.3,BRL,approved
200,43,2025-03-07,payment,branch,3011.98,BRL,approved
201,344,2025-05-24,deposit,internet_banking,1990.51,BRL,approved
202,293,2025-09-15,transfer_out,branch,4665.35,BRL,approved
203,122,2025-11-17,transfer_out,atm,620.16,BRL,rejected
204,378,2025-08-30,transfer_in,branch,4031.15,BRL,approved
205,74,2025-10-09,deposit,branch,884.02,BRL,pending
206,131,2026-01-19,transfer_out,mobile_app,289.07,BRL,approved
207,280,2025-09-10,transfer_in,atm,2379.52,BRL,approved
208,186,2025-11-12,transfer_in,mobile_app,3581.2,BRL,rejected
209,18,2025-09-03,deposit,atm,3456.51,BRL,rejected
210,197,2026-01-07,payment,mobile_app,3198.36,BRL,rejected
211,122,2026-02-07,transfer_in,atm,1948.47,BRL,approved
212,47,2025-06-14,withdrawal,branch,1494.14,BRL,approved
213,330,2025-10-08,transfer_in,mobile_app,3948.69,BRL,pending
214,242,2025-12-07,transfer_in,branch,4633.22,BRL,approved
215,83,2025-12-27,payment,branch,2536.61,BRL,rejected
216,374,2026-04-10,transfer_out,mobile_app,3691.55,BRL,approved
217,329,2025-05-20,withdrawal,mobile_app,3154.48,BRL,pending
218,103,2025-03-26,payment,mobile_app,1575.47,BRL,approved
219,128,2025-05-14,transfer_out,branch,3570.68,BRL,approved
220,232,2025-05-17,transfer_in,atm,4368.79,BRL,approved
221,352,2025-10-16,transfer_out,internet_banking,4135.58,BRL,approved
222,213,2026-01-22,payment,internet_banking,917.63,BRL,approved
223,12,2025-08-23,transfer_out,mobile_app,3239.06,BRL,pending
224,102,2025-06-22,payment,mobile_app,3509.29,BRL,pending
225,317,2025-06-02,transfer_in,mobile_app,3005.96,BRL,approved
226,88,2026-03-22,transfer_out,branch,595.58,BRL,pending
227,61,2025-07-15,withdrawal,atm,3570.68,BRL,approved
228,254,2025-07-31,transfer_in,internet_banking,659.69,BRL,approved
229,373,2026-02-23,withdrawal,internet_banking,2097.47,BRL,approved
230,149,2026-04-07,payment,internet_banking,1185.07,BRL,approved
231,299,2026-04-26,transfer_in,internet_banking,437.84,BRL,approved
232,355,2026-01-28,transfer_in,branch,3437.39,BRL,rejected
233,132,2025-03-02,deposit,mobile_app,485.44,BRL,approved
234,121,2025-02-16,transfer_in,mobile_app,4542.05,BRL,approved
235,259,2026-02-09,transfer_out,atm,1910.88,BRL,approved
236,287,2025-09-24,deposit,internet_banking,2906.63,BRL,rejected
237,253,2025-05-16,payment,mobile_app,4390.7,BRL,approved
238,364,2025-09-24,transfer_out,mobile_app,2170.32,BRL,approved
239,23,2025-10-15,withdrawal,atm,2501.06,BRL,pending
240,145,2025-09-28,payment,atm,3068.53,BRL,pending
241,85,2026-05-19,payment,internet_banking,3686.98,BRL,rejected
242,337,2025-06-02,transfer_in,mobile_app,275.58,BRL,approved
243,94,2025-06-17,deposit,branch,2356.54,BRL,pending
244,60,2026-01-01,transfer_in,branch,213.55,BRL,pending
245,253,2025-06-01,deposit,mobile_app,4230.73,BRL,approved
246,48,2025-07-04,withdrawal,internet_banking,4342.18,BRL,rejected
247,140,2025-08-06,transfer_out,mobile_app,4455.56,BRL,rejected
248,293,2025-03-20,withdrawal,internet_banking,2087.93,BRL,pending
249,347,2025-01-27,deposit,atm,4437.96,BRL,approved
250,202,2025-04-19,payment,atm,2955.79,BRL,approved
251,15,2026-05-07,deposit,branch,2306.56,BRL,approved
252,305,2025-02-14,deposit,branch,1653.84,BRL,approved
253,375,2025-02-19,transfer_out,atm,655.31,BRL,approved
254,29,2026-01-26,deposit,mobile_app,2740.31,BRL,pending
255,131,2026-02-13,withdrawal,mobile_app,1208.0,BRL,approved
256,107,2026-02-17,withdrawal,atm,1948.63,BRL,approved
257,62,2026-03-19,payment,atm,2459.32,BRL,rejected
258,68,2026-01-12,payment,internet_banking,3330.95,BRL,pending
259,229,2026-03-10,transfer_in,mobile_app,2387.43,BRL,pending
260,189,2026-03-13,transfer_out,mobile_app,939.92,BRL,approved
261,263,2025-08-18,payment,internet_banking,4866.63,BRL,pending
262,270,2026-04-25,transfer_out,branch,429.01,BRL,approved
263,245,2025-05-11,payment,atm,751.55,BRL,approved
264,268,2025-02-18,transfer_in,mobile_app,1484.45,BRL,approved
265,263,2026-02-27,deposit,mobile_app,2558.15,BRL,pending
266,339,2025-12-30,transfer_out,atm,4066.0,BRL,rejected
267,42,2026-04-19,transfer_out,internet_banking,91.18,BRL,approved
268,202,2025-11-01,deposit,atm,425.62,BRL,rejected
269,371,2026-04-06,transfer_in,atm,3789.2,BRL,approved
270,96,2025-09-23,withdrawal,mobile_app,933.59,BRL,pending
271,274,2025-04-30,deposit,mobile_app,39.18,BRL,approved
272,336,2026-02-19,transfer_in,branch,2306.21,BRL,approved
273,317,2026-02-09,transfer_out,atm,1810.04,BRL,approved
274,65,2025-04-25,withdrawal,mobile_app,79.24,BRL,approved
275,14,2025-05-29,withdrawal,internet_banking,2410.77,BRL,pending
276,321,2025-11-05,transfer_out,branch,962.66,BRL,approved
277,243,2025-06-20,transfer_in,internet_banking,118.87,BRL,pending
278,249,2026-04-06,transfer_in,internet_banking,107.94,BRL,approved
279,151,2026-02-06,transfer_out,mobile_app,4148.96,BRL,approved
280,5,2026-03-19,deposit,branch,3155.75,BRL,pending
281,378,2025-10-25,transfer_out,mobile_app,2983.24,BRL,pending
282,205,2026-05-15,transfer_in,internet_banking,2571.65,BRL,approved
283,271,2025-11-20,deposit,mobile_app,2115.8,BRL,approved
284,332,2025-04-30,transfer_in,branch,4446.81,BRL,rejected
285,331,2026-03-23,payment,mobile_app,2247.14,BRL,approved
286,148,2026-03-25,withdrawal,internet_banking,2351.51,BRL,rejected
287,113,2025-12-14,transfer_out,branch,4546.26,BRL,approved
288,151,2026-01-04,transfer_in,branch,4799.42,BRL,approved
289,319,2025-03-30,withdrawal,branch,1419.46,BRL,approved
290,89,2026-05-19,withdrawal,mobile_app,790.01,BRL,pending
291,253,2025-02-18,payment,mobile_app,1181.25,BRL,approved
292,134,2025-06-28,payment,mobile_app,3387.87,BRL,approved
293,173,2025-08-21,transfer_in,mobile_app,578.71,BRL,rejected
294,115,2025-12-15,transfer_in,atm,1296.53,BRL,approved
295,286,2025-04-17,payment,mobile_app,4482.63,BRL,pending
296,235,2025-04-15,deposit,mobile_app,4873.55,BRL,rejected
297,54,2025-07-30,withdrawal,atm,3153.33,BRL,approved
298,373,2026-05-26,payment,mobile_app,3543.74,BRL,approved
299,332,2025-05-22,payment,mobile_app,1679.69,BRL,approved
300,225,2025-01-07,transfer_in,internet_banking,3848.4,BRL,pending
301,175,2025-03-29,payment,atm,2530.06,BRL,approved
302,367,2025-09-09,transfer_in,internet_banking,1809.61,BRL,rejected
303,216,2026-03-16,withdrawal,branch,698.59,BRL,pending
304,235,2026-01-06,transfer_out,mobile_app,3975.09,BRL,pending
305,75,2025-03-13,deposit,mobile_app,3590.95,BRL,approved
306,162,2025-06-18,transfer_in,branch,4909.91,BRL,approved
307,202,2025-06-04,deposit,mobile_app,3304.28,BRL,rejected
308,152,2025-11-08,transfer_in,atm,2015.99,BRL,approved
309,5,2025-05-31,payment,branch,4502.04,BRL,pending
310,330,2026-03-29,withdrawal,atm,4439.02,BRL,pending
311,102,2025-12-09,payment,branch,430.56,BRL,approved
312,267,2025-04-06,transfer_out,atm,1426.8,BRL,rejected
313,175,2025-09-22,withdrawal,internet_banking,126.87,BRL,approved
314,372,2025-04-24,transfer_in,mobile_app,4934.9,BRL,approved
315,133,2025-02-18,transfer_out,mobile_app,1778.82,BRL,pending
316,153,2026-04-10,transfer_out,atm,3686.92,BRL,approved
317,298,2025-08-28,transfer_out,atm,3576.09,BRL,approved
318,146,2026-01-22,transfer_out,internet_banking,3365.44,BRL,approved
319,168,2026-01-05,transfer_out,branch,2916.02,BRL,approved
320,76,2025-03-25,transfer_in,mobile_app,4143.9,BRL,approved
321,218,2026-04-02,withdrawal,mobile_app,2386.5,BRL,approved
322,347,2026-02-09,transfer_out,atm,2019.74,BRL,rejected
323,256,2026-05-17,transfer_in,branch,4982.59,BRL,approved
324,74,2026-04-14,transfer_out,internet_banking,644.35,BRL,rejected
325,271,2026-04-12,deposit,branch,3475.41,BRL,approved
326,81,2025-05-02,transfer_out,branch,1852.97,BRL,approved
327,62,2025-02-11,payment,internet_banking,2863.11,BRL,approved
328,191,2025-11-07,payment,atm,4955.19,BRL,pending
329,15,2026-03-08,withdrawal,mobile_app,719.28,BRL,approved
330,146,2026-05-16,withdrawal,mobile_app,923.55,BRL,approved
331,281,2025-02-15,payment,branch,347.15,BRL,pending
332,294,2025-12-12,payment,branch,2833.16,BRL,pending
333,369,2025-05-22,transfer_out,branch,672.72,BRL,pending
334,342,2025-11-30,transfer_in,mobile_app,753.42,BRL,rejected
335,341,2025-08-27,transfer_out,branch,2054.05,BRL,approved
336,277,2026-03-30,deposit,atm,4790.82,BRL,approved
337,85,2025-11-13,deposit,mobile_app,2864.25,BRL,rejected
338,44,2025-02-24,withdrawal,internet_banking,4776.29,BRL,pending
339,258,2025-07-04,deposit,mobile_app,610.21,BRL,approved
340,106,2026-03-31,withdrawal,mobile_app,4150.16,BRL,rejected
341,311,2025-02-16,payment,branch,2014.97,BRL,approved
342,175,2025-01-25,transfer_in,atm,910.73,BRL,pending
343,132,2025-04-12,deposit,internet_banking,582.08,BRL,approved
344,74,2025-04-02,withdrawal,internet_banking,1285.22,BRL,approved
345,209,2025-11-30,withdrawal,internet_banking,303.98,BRL,approved
346,366,2025-04-12,deposit,atm,1497.14,BRL,approved
347,212,2025-05-04,payment,mobile_app,1297.09,BRL,approved
348,123,2026-05-20,transfer_out,branch,2934.29,BRL,approved
349,138,2026-02-21,deposit,mobile_app,1598.5,BRL,pending
350,15,2025-01-20,transfer_in,atm,3171.37,BRL,rejected
351,301,2025-05-09,deposit,atm,1239.12,BRL,rejected
352,209,2026-05-28,transfer_in,internet_banking,428.7,BRL,approved
353,192,2025-09-09,transfer_out,branch,4926.69,BRL,rejected
354,232,2026-04-21,deposit,atm,15.0,BRL,approved
355,1,2026-05-09,deposit,atm,4668.2,BRL,rejected
356,129,2025-08-06,transfer_in,atm,4996.22,BRL,approved
357,83,2025-11-04,transfer_out,mobile_app,2819.78,BRL,pending
358,358,2025-10-14,deposit,branch,4154.19,BRL,approved
359,313,2025-11-22,transfer_out,atm,4787.51,BRL,approved
360,363,2025-11-26,transfer_in,atm,1372.34,BRL,approved
361,236,2025-05-17,transfer_out,mobile_app,1649.0,BRL,rejected
362,244,2025-06-27,deposit,branch,4508.21,BRL,rejected
363,357,2025-03-25,transfer_in,mobile_app,3814.7,BRL,rejected
364,16,2025-12-28,transfer_in,branch,3364.51,BRL,rejected
365,184,2025-01-09,transfer_in,mobile_app,894.16,BRL,pending
366,190,2025-08-15,withdrawal,mobile_app,2228.44,BRL,approved
367,349,2025-11-07,payment,internet_banking,965.64,BRL,approved
368,253,2026-05-20,payment,internet_banking,193.61,BRL,approved
369,101,2025-10-12,transfer_in,branch,563.62,BRL,approved
370,283,2025-06-29,withdrawal,mobile_app,3302.59,BRL,rejected
371,66,2025-08-22,deposit,atm,645.88,BRL,approved
372,348,2025-09-16,deposit,branch,4959.84,BRL,approved
373,219,2025-11-27,deposit,branch,4270.76,BRL,pending
374,141,2026-04-23,deposit,branch,3404.07,BRL,approved
375,265,2025-08-18,deposit,mobile_app,4420.17,BRL,approved
376,216,2025-01-06,transfer_out,branch,2249.82,BRL,approved
377,172,2025-01-26,deposit,internet_banking,4401.69,BRL,pending
378,39,2025-12-04,withdrawal,atm,992.42,BRL,approved
379,321,2026-03-19,deposit,mobile_app,149.09,BRL,rejected
380,321,2025-09-11,payment,mobile_app,4204.13,BRL,pending
381,123,2025-12-08,payment,internet_banking,4164.26,BRL,approved
382,308,2025-04-08,transfer_out,branch,2198.26,BRL,rejected
383,64,2025-02-04,deposit,branch,4872.88,BRL,approved
384,356,2025-03-05,deposit,branch,3915.4,BRL,approved
385,155,2025-03-09,transfer_out,mobile_app,3134.66,BRL,approved
386,287,2026-01-26,deposit,branch,1481.63,BRL,approved
387,317,2025-01-11,transfer_in,branch,1173.23,BRL,pending
388,238,2025-04-14,transfer_in,atm,4400.89,BRL,approved
389,233,2025-07-17,transfer_out,mobile_app,1647.69,BRL,approved
390,7,2025-07-18,transfer_out,internet_banking,3569.36,BRL,rejected
391,132,2026-04-01,payment,internet_banking,2110.82,BRL,approved
392,71,2025-11-16,deposit,branch,311.85,BRL,rejected
393,334,2025-05-30,payment,internet_banking,1562.83,BRL,pending
394,159,2026-01-13,transfer_out,mobile_app,1721.07,BRL,rejected
395,301,2025-02-25,withdrawal,branch,296.02,BRL,approved
396,101,2025-07-26,withdrawal,mobile_app,3206.37,BRL,approved
397,97,2026-04-24,transfer_in,atm,3476.96,BRL,rejected
398,290,2026-03-05,payment,atm,3084.35,BRL,approved
399,54,2025-02-13,transfer_in,branch,4381.77,BRL,approved
400,2,2026-04-23,withdrawal,internet_banking,3469.17,BRL,approved
401,247,2026-01-20,payment,internet_banking,4038.28,BRL,pending
402,95,2025-03-17,deposit,atm,1820.46,BRL,approved
403,285,2026-03-27,deposit,internet_banking,720.59,BRL,rejected
404,185,2025-07-23,deposit,internet_banking,4876.79,BRL,approved
405,90,2025-06-28,withdrawal,atm,4428.06,BRL,rejected
406,126,2025-06-30,withdrawal,atm,987.98,BRL,approved
407,11,2025-04-24,withdrawal,atm,1900.82,BRL,approved
408,157,2026-01-17,transfer_in,internet_banking,1208.35,BRL,rejected
409,320,2025-03-08,transfer_in,mobile_app,4393.16,BRL,approved
410,67,2026-01-23,withdrawal,atm,966.49,BRL,approved
411,307,2025-09-08,transfer_in,mobile_app,4885.14,BRL,rejected
412,301,2025-10-29,withdrawal,internet_banking,4273.63,BRL,approved
413,127,2025-10-14,deposit,internet_banking,3151.0,BRL,rejected
414,300,2025-03-25,transfer_in,branch,1054.1,BRL,rejected
415,34,2026-01-19,withdrawal,branch,2547.98,BRL,rejected
416,238,2026-01-18,withdrawal,branch,1615.9,BRL,pending
417,243,2025-02-07,payment,internet_banking,2910.12,BRL,approved
418,104,2026-02-10,transfer_in,internet_banking,4317.21,BRL,approved
419,218,2026-01-19,transfer_in,atm,2861.14,BRL,rejected
420,44,2025-10-30,withdrawal,branch,3760.6,BRL,rejected
421,181,2026-04-22,withdrawal,atm,2923.97,BRL,pending
422,231,2026-01-12,transfer_in,branch,2168.2,BRL,approved
423,140,2026-03-29,transfer_in,internet_banking,133.34,BRL,approved
424,331,2025-03-26,deposit,atm,1801.87,BRL,rejected
425,263,2025-10-11,transfer_out,internet_banking,3221.84,BRL,approved
426,61,2025-07-25,deposit,atm,1807.58,BRL,approved
427,346,2025-10-09,payment,internet_banking,1257.62,BRL,rejected
428,71,2025-01-09,transfer_out,atm,4562.79,BRL,approved
429,178,2025-01-13,transfer_in,branch,4729.62,BRL,rejected
430,77,2025-08-03,transfer_in,branch,1145.62,BRL,approved
431,265,2026-04-25,transfer_out,branch,3932.01,BRL,approved
432,44,2026-03-16,payment,branch,4230.55,BRL,approved
433,225,2025-01-31,transfer_in,atm,4266.19,BRL,approved
434,296,2025-01-10,withdrawal,branch,1534.8,BRL,approved
435,174,2026-02-18,withdrawal,atm,2101.55,BRL,approved
436,301,2025-02-02,deposit,internet_banking,2842.21,BRL,approved
437,170,2026-02-05,transfer_out,branch,3152.9,BRL,approved
438,201,2025-07-12,deposit,branch,2677.11,BRL,approved
439,169,2025-11-08,transfer_out,mobile_app,4810.07,BRL,approved
440,54,2026-05-16,transfer_out,mobile_app,896.4,BRL,approved
441,102,2026-01-31,deposit,atm,4557.61,BRL,approved
442,120,2025-03-13,payment,branch,3301.25,BRL,approved
443,189,2025-12-01,transfer_out,branch,65.12,BRL,pending
444,81,2026-03-05,deposit,branch,654.4,BRL,approved
445,200,2025-07-30,withdrawal,atm,658.36,BRL,pending
446,364,2025-11-14,transfer_in,internet_banking,802.32,BRL,rejected
447,367,2025-01-08,transfer_in,internet_banking,1384.45,BRL,pending
448,33,2025-09-10,transfer_in,atm,3028.19,BRL,rejected
449,252,2025-02-10,transfer_in,mobile_app,2318.85,BRL,approved
450,331,2025-11-01,transfer_in,branch,1740.44,BRL,rejected
451,90,2026-03-19,transfer_in,branch,1253.18,BRL,pending
452,338,2025-04-08,withdrawal,branch,3495.62,BRL,approved
453,123,2025-10-26,withdrawal,mobile_app,1376.14,BRL,approved
454,253,2025-05-05,transfer_in,atm,4962.02,BRL,approved
455,54,2025-11-30,transfer_out,branch,3835.03,BRL,pending
456,85,2025-02-15,payment,branch,1044.79,BRL,approved
457,38,2026-02-13,transfer_in,internet_banking,1911.97,BRL,pending
458,20,2025-05-20,deposit,atm,1260.52,BRL,pending
459,249,2025-09-06,transfer_in,branch,350.5,BRL,approved
460,242,2025-06-24,payment,mobile_app,4209.4,BRL,rejected
461,52,2026-02-05,withdrawal,internet_banking,1477.78,BRL,approved
462,344,2025-06-07,deposit,branch,3390.14,BRL,approved
463,92,2025-08-10,withdrawal,branch,3574.92,BRL,approved
464,326,2025-04-16,transfer_out,branch,3208.65,BRL,approved
465,228,2025-02-19,deposit,branch,2995.04,BRL,approved
466,128,2025-07-24,payment,mobile_app,4544.69,BRL,approved
467,216,2025-12-12,deposit,internet_banking,4946.56,BRL,approved
468,113,2025-06-21,deposit,internet_banking,3986.65,BRL,approved
469,213,2025-12-01,transfer_out,atm,547.34,BRL,rejected
470,321,2026-02-09,withdrawal,branch,3127.12,BRL,approved
471,119,2025-11-28,withdrawal,internet_banking,538.37,BRL,approved
472,206,2025-08-06,payment,branch,69.79,BRL,approved
473,34,2026-01-13,payment,mobile_app,3253.23,BRL,approved
474,112,2026-05-27,transfer_in,mobile_app,1514.66,BRL,rejected
475,292,2025-04-08,withdrawal,atm,1267.18,BRL,pending
476,348,2025-11-22,withdrawal,branch,1666.91,BRL,approved
477,172,2026-04-05,deposit,branch,3046.58,BRL,rejected
478,328,2025-01-14,withdrawal,internet_banking,2522.07,BRL,approved
479,316,2026-03-15,deposit,internet_banking,1551.15,BRL,rejected
480,41,2026-05-26,deposit,atm,696.4,BRL,approved
481,78,2025-02-08,transfer_in,internet_banking,1029.88,BRL,rejected
482,228,2025-11-22,payment,mobile_app,679.99,BRL,rejected
483,213,2025-08-23,payment,atm,3755.25,BRL,approved
484,125,2025-09-12,withdrawal,internet_banking,2701.17,BRL,rejected
485,196,2026-03-29,transfer_out,mobile_app,1614.97,BRL,approved
486,252,2025-02-23,deposit,internet_banking,4768.77,BRL,approved
487,65,2025-07-29,deposit,internet_banking,876.64,BRL,rejected
488,41,2025-11-15,transfer_in,internet_banking,3627.7,BRL,approved
489,126,2025-09-12,transfer_in,atm,890.41,BRL,approved
490,296,2025-07-26,transfer_in,atm,4838.95,BRL,pending
491,41,2025-06-21,payment,branch,1997.24,BRL,pending
492,217,2026-03-20,transfer_out,internet_banking,3050.88,BRL,pending
493,11,2025-03-27,transfer_in,atm,2142.71,BRL,rejected
494,276,2025-06-29,withdrawal,atm,2768.73,BRL,pending
495,238,2026-01-20,payment,branch,2273.48,BRL,approved
496,171,2025-07-20,withdrawal,internet_banking,3577.17,BRL,approved
497,3,2026-01-19,deposit,branch,4309.66,BRL,pending
498,213,2026-01-18,transfer_in,branch,4852.76,BRL,pending
499,158,2025-02-09,transfer_out,mobile_app,365.46,BRL,pending
500,290,2026-03-23,withdrawal,atm,979.2,BRL,approved
501,261,2026-01-13,transfer_in,mobile_app,3178.55,BRL,pending
502,218,2025-02-05,withdrawal,atm,1219.34,BRL,approved
503,358,2026-04-12,withdrawal,internet_banking,1314.04,BRL,approved
504,127,2025-06-15,transfer_out,mobile_app,2895.93,BRL,approved
505,48,2025-03-24,transfer_in,internet_banking,1994.36,BRL,pending
506,85,2025-11-06,transfer_in,branch,1271.83,BRL,rejected
507,158,2025-04-02,transfer_in,mobile_app,3764.79,BRL,rejected
508,177,2025-08-03,withdrawal,branch,1352.42,BRL,approved
509,4,2025-01-02,withdrawal,mobile_app,4083.78,BRL,approved
510,357,2025-10-23,transfer_in,branch,2629.56,BRL,approved
511,91,2025-05-18,payment,internet_banking,940.14,BRL,pending
512,94,2026-04-07,transfer_out,internet_banking,4742.93,BRL,approved
513,103,2025-07-16,deposit,atm,3752.08,BRL,pending
514,226,2025-06-20,transfer_out,mobile_app,554.89,BRL,approved
515,44,2025-03-07,transfer_in,atm,632.16,BRL,approved
516,300,2025-04-14,withdrawal,mobile_app,2394.71,BRL,approved
517,137,2025-02-12,deposit,mobile_app,3329.96,BRL,approved
518,268,2025-09-30,deposit,branch,1884.57,BRL,pending
519,173,2026-01-15,transfer_out,atm,2152.97,BRL,approved
520,123,2026-01-23,payment,mobile_app,3328.74,BRL,approved
521,170,2026-02-16,deposit,internet_banking,25.39,BRL,approved
522,309,2025-10-14,deposit,internet_banking,4346.34,BRL,approved
523,232,2026-05-02,transfer_out,branch,3434.06,BRL,approved
524,2,2026-01-04,payment,mobile_app,92.99,BRL,approved
525,348,2026-05-12,transfer_in,branch,1175.46,BRL,rejected
526,42,2026-05-03,payment,mobile_app,2145.3,BRL,pending
527,151,2025-05-27,transfer_out,mobile_app,983.43,BRL,approved
528,255,2026-04-24,deposit,internet_banking,1513.73,BRL,pending
529,60,2025-09-04,transfer_in,internet_banking,3316.58,BRL,approved
530,88,2025-01-30,deposit,internet_banking,536.29,BRL,approved
531,197,2025-09-21,payment,branch,1109.68,BRL,approved
532,341,2026-05-19,withdrawal,mobile_app,4614.45,BRL,approved
533,115,2025-03-08,transfer_out,atm,3834.02,BRL,pending
534,368,2026-03-24,transfer_in,internet_banking,3273.06,BRL,approved
535,133,2025-04-25,deposit,mobile_app,1461.97,BRL,approved
536,304,2025-04-29,withdrawal,atm,3725.64,BRL,approved
537,161,2025-01-02,transfer_in,atm,2888.82,BRL,approved
538,303,2026-02-02,transfer_out,branch,957.39,BRL,approved
539,187,2025-08-16,withdrawal,mobile_app,2603.56,BRL,pending
540,5,2025-11-20,transfer_out,internet_banking,4263.29,BRL,approved
541,113,2025-05-31,transfer_in,atm,3403.1,BRL,approved
542,341,2025-11-13,deposit,mobile_app,2998.41,BRL,approved
543,362,2025-08-09,transfer_out,branch,2396.63,BRL,approved
544,361,2025-12-08,transfer_in,internet_banking,303.47,BRL,approved
545,376,2025-02-23,withdrawal,internet_banking,3505.03,BRL,pending
546,373,2025-06-13,transfer_in,mobile_app,1502.52,BRL,rejected
547,201,2026-04-30,payment,atm,2117.96,BRL,pending
548,201,2025-10-17,deposit,atm,2643.94,BRL,approved
549,359,2025-05-15,transfer_out,atm,1974.92,BRL,rejected
550,28,2025-06-17,payment,internet_banking,2293.09,BRL,pending
551,357,2025-05-29,transfer_in,internet_banking,1462.5,BRL,approved
552,101,2025-04-15,deposit,internet_banking,1817.51,BRL,pending
553,219,2025-04-09,withdrawal,atm,4630.67,BRL,pending
554,92,2025-12-13,deposit,branch,595.56,BRL,approved
555,322,2025-05-02,transfer_in,internet_banking,1232.56,BRL,pending
556,251,2025-06-26,payment,branch,3443.04,BRL,approved
557,238,2026-04-01,transfer_in,atm,1383.33,BRL,approved
558,62,2026-05-16,deposit,internet_banking,422.36,BRL,approved
559,301,2026-05-07,transfer_out,atm,4936.87,BRL,approved
560,304,2026-03-21,withdrawal,atm,1925.96,BRL,rejected
561,65,2025-07-09,deposit,branch,1632.89,BRL,approved
562,202,2026-05-16,transfer_out,mobile_app,4089.14,BRL,rejected
563,300,2025-05-08,transfer_out,internet_banking,3571.61,BRL,approved
564,93,2025-01-06,transfer_out,branch,3479.13,BRL,approved
565,63,2025-07-31,deposit,internet_banking,652.79,BRL,approved
566,288,2025-02-05,payment,mobile_app,4258.74,BRL,approved
567,260,2025-06-25,payment,branch,1824.16,BRL,approved
568,128,2025-10-28,payment,branch,240.37,BRL,approved
569,296,2025-12-27,transfer_in,internet_banking,3478.56,BRL,approved
570,340,2025-07-12,deposit,internet_banking,1193.13,BRL,approved
571,111,2025-08-10,withdrawal,atm,3014.7,BRL,approved
572,66,2025-09-19,transfer_out,atm,2115.85,BRL,pending
573,333,2025-03-27,withdrawal,atm,2006.3,BRL,pending
574,356,2025-03-14,withdrawal,atm,2684.16,BRL,approved
575,366,2025-06-17,payment,branch,2822.57,BRL,approved
576,162,2025-09-11,transfer_in,mobile_app,1900.92,BRL,approved
577,64,2026-02-21,transfer_out,mobile_app,558.85,BRL,approved
578,328,2025-12-08,deposit,atm,1820.47,BRL,approved
579,116,2026-01-22,payment,internet_banking,59.22,BRL,pending
580,54,2025-11-10,deposit,branch,886.9,BRL,approved
581,271,2025-10-16,payment,atm,3505.27,BRL,rejected
582,51,2026-02-03,deposit,internet_banking,862.03,BRL,approved
583,348,2026-02-17,transfer_out,branch,2762.84,BRL,rejected
584,66,2025-06-09,payment,internet_banking,57.39,BRL,approved
585,194,2025-02-24,transfer_out,atm,3679.76,BRL,approved
586,348,2026-04-14,transfer_out,internet_banking,2097.04,BRL,pending
587,182,2025-10-10,transfer_in,branch,2516.12,BRL,rejected
588,368,2025-03-31,withdrawal,atm,1532.89,BRL,pending
589,161,2025-03-20,deposit,internet_banking,3177.04,BRL,approved
590,85,2025-10-20,transfer_out,branch,296.48,BRL,approved
591,218,2025-05-20,transfer_out,branch,4662.88,BRL,pending
592,264,2026-02-20,transfer_out,mobile_app,3492.43,BRL,rejected
593,98,2025-12-20,deposit,internet_banking,3573.66,BRL,rejected
594,351,2026-04-05,transfer_out,internet_banking,221.36,BRL,rejected
595,116,2025-05-17,withdrawal,atm,384.86,BRL,approved
596,217,2026-01-18,transfer_in,mobile_app,1901.68,BRL,approved
597,348,2025-05-01,withdrawal,atm,4160.31,BRL,approved
598,248,2025-01-03,payment,branch,1331.11,BRL,approved
599,157,2025-02-06,transfer_out,branch,4130.38,BRL,rejected
600,250,2026-04-17,deposit,atm,1785.16,BRL,approved
601,182,2025-07-10,deposit,branch,35.72,BRL,approved
602,5,2025-07-22,deposit,mobile_app,2159.71,BRL,rejected
603,264,2026-05-15,withdrawal,mobile_app,2059.49,BRL,approved
604,337,2026-02-09,payment,atm,1138.22,BRL,approved
605,187,2025-10-03,transfer_in,mobile_app,4462.04,BRL,pending
606,337,2025-12-29,transfer_in,branch,817.55,BRL,approved
607,184,2025-10-19,withdrawal,mobile_app,562.22,BRL,approved
608,203,2025-02-02,transfer_in,internet_banking,3722.18,BRL,approved
609,246,2026-05-16,payment,branch,602.77,BRL,approved
610,167,2026-02-03,transfer_in,internet_banking,2514.27,BRL,approved
611,56,2025-12-19,deposit,mobile_app,639.36,BRL,approved
612,27,2025-01-09,payment,branch,2154.03,BRL,pending
613,149,2026-03-16,payment,internet_banking,2434.79,BRL,rejected
614,79,2025-10-15,transfer_out,mobile_app,942.43,BRL,approved
615,359,2026-03-16,withdrawal,internet_banking,3334.99,BRL,pending
616,362,2026-05-30,deposit,internet_banking,3508.71,BRL,approved
617,303,2025-05-16,withdrawal,branch,1154.63,BRL,approved
618,141,2026-03-13,withdrawal,mobile_app,4646.2,BRL,rejected
619,103,2026-01-25,deposit,branch,4323.11,BRL,rejected
620,157,2026-03-13,withdrawal,branch,1116.66,BRL,approved
621,262,2025-11-08,transfer_in,mobile_app,3222.93,BRL,approved
622,187,2026-03-05,payment,internet_banking,4715.56,BRL,approved
623,25,2025-02-23,withdrawal,atm,214.04,BRL,approved
624,147,2025-04-14,transfer_in,branch,1408.0,BRL,approved
625,130,2025-11-08,transfer_in,mobile_app,1824.27,BRL,approved
626,343,2025-05-14,deposit,atm,3417.98,BRL,approved
627,186,2026-01-16,transfer_out,internet_banking,2649.02,BRL,approved
628,108,2025-04-19,transfer_out,internet_banking,1926.41,BRL,rejected
629,62,2025-07-15,deposit,internet_banking,2936.94,BRL,pending
630,51,2025-12-18,deposit,atm,4709.67,BRL,pending
631,104,2025-02-14,transfer_out,internet_banking,3606.64,BRL,approved
632,215,2025-12-22,transfer_out,atm,3560.9,BRL,pending
633,323,2025-03-11,deposit,branch,4555.14,BRL,pending
634,269,2025-06-20,transfer_out,atm,3956.52,BRL,approved
635,149,2025-03-04,deposit,internet_banking,4779.46,BRL,pending
636,254,2025-03-18,transfer_out,internet_banking,4352.58,BRL,pending
637,261,2026-02-04,transfer_in,branch,2816.87,BRL,rejected
638,140,2025-06-13,withdrawal,internet_banking,928.49,BRL,rejected
639,357,2026-04-12,deposit,atm,4396.98,BRL,approved
640,113,2025-05-02,payment,internet_banking,3544.19,BRL,approved
641,24,2025-02-10,transfer_out,internet_banking,1198.7,BRL,approved
642,69,2025-02-22,payment,internet_banking,4368.18,BRL,approved
643,274,2025-12-22,deposit,atm,16.99,BRL,approved
644,43,2025-05-17,transfer_out,branch,1327.55,BRL,rejected
645,151,2025-01-11,payment,atm,4926.45,BRL,approved
646,375,2025-01-17,payment,mobile_app,891.91,BRL,pending
647,335,2025-07-31,payment,branch,4351.43,BRL,approved
648,167,2026-02-09,payment,internet_banking,1027.55,BRL,pending
649,119,2026-05-06,transfer_in,mobile_app,1849.51,BRL,pending
650,93,2025-06-30,transfer_in,internet_banking,933.29,BRL,rejected
651,252,2025-01-22,withdrawal,atm,3241.35,BRL,approved
652,91,2025-07-12,transfer_in,mobile_app,3439.96,BRL,approved
653,37,2026-02-17,transfer_in,mobile_app,1233.82,BRL,rejected
654,71,2026-01-22,deposit,branch,3020.43,BRL,approved
655,57,2025-02-14,deposit,internet_banking,3819.59,BRL,approved
656,43,2025-01-14,payment,mobile_app,721.75,BRL,approved
657,278,2025-03-29,payment,internet_banking,4265.07,BRL,approved
658,246,2025-06-17,transfer_out,atm,4463.03,BRL,approved
659,246,2025-10-01,withdrawal,mobile_app,1226.61,BRL,approved
660,23,2025-04-16,deposit,branch,2727.76,BRL,approved
661,1,2026-03-14,withdrawal,branch,129.76,BRL,approved
662,181,2026-01-29,payment,mobile_app,1137.16,BRL,pending
663,87,2025-10-16,deposit,atm,1130.37,BRL,approved
664,316,2025-03-28,payment,mobile_app,600.57,BRL,rejected
665,78,2025-12-09,withdrawal,internet_banking,2148.86,BRL,pending
666,77,2025-10-21,payment,atm,3127.54,BRL,approved
667,139,2025-09-29,transfer_in,mobile_app,3312.04,BRL,approved
668,77,2026-02-04,withdrawal,branch,1608.08,BRL,pending
669,35,2025-10-13,deposit,internet_banking,2893.44,BRL,approved
670,166,2026-01-30,withdrawal,atm,917.54,BRL,approved
671,254,2026-02-28,transfer_in,atm,2411.63,BRL,approved
672,335,2026-05-25,withdrawal,branch,1922.09,BRL,rejected
673,275,2026-03-08,withdrawal,internet_banking,1929.29,BRL,approved
674,121,2025-01-18,payment,atm,24.3,BRL,rejected
675,243,2025-03-03,withdrawal,atm,4605.31,BRL,approved
676,72,2026-03-08,payment,internet_banking,2307.34,BRL,approved
677,115,2025-05-01,deposit,internet_banking,3737.51,BRL,pending
678,376,2026-03-11,deposit,atm,3483.65,BRL,approved
679,360,2025-03-17,deposit,branch,3317.11,BRL,rejected
680,81,2025-05-25,deposit,mobile_app,742.96,BRL,approved
681,40,2026-03-03,deposit,internet_banking,2850.22,BRL,approved
682,241,2025-11-03,withdrawal,branch,3743.05,BRL,pending
683,370,2025-01-14,payment,atm,2225.43,BRL,approved
684,80,2025-02-02,deposit,internet_banking,4406.97,BRL,rejected
685,83,2026-03-10,deposit,branch,1987.99,BRL,rejected
686,365,2026-05-29,payment,atm,4596.56,BRL,approved
687,217,2025-04-05,withdrawal,branch,1366.42,BRL,approved
688,109,2025-08-13,transfer_in,branch,3099.03,BRL,approved
689,287,2026-04-25,transfer_out,branch,4210.15,BRL,approved
690,335,2025-06-18,transfer_in,mobile_app,4138.0,BRL,approved
691,332,2025-04-22,transfer_in,mobile_app,981.71,BRL,approved
692,186,2025-12-10,transfer_out,mobile_app,3896.2,BRL,approved
693,145,2025-03-08,withdrawal,internet_banking,2712.42,BRL,rejected
694,6,2025-07-26,payment,mobile_app,946.84,BRL,approved
695,138,2025-02-15,deposit,branch,4883.55,BRL,approved
696,25,2025-11-13,payment,mobile_app,475.12,BRL,approved
697,145,2025-11-19,transfer_in,branch,2506.08,BRL,approved
698,67,2026-05-31,deposit,mobile_app,1663.28,BRL,rejected
699,77,2026-01-27,deposit,branch,2940.01,BRL,rejected
700,20,2026-04-20,payment,mobile_app,814.5,BRL,approved
701,368,2025-05-25,withdrawal,internet_banking,4423.17,BRL,rejected
702,265,2025-12-16,transfer_out,branch,3260.46,BRL,approved
703,174,2026-03-18,payment,mobile_app,1807.98,BRL,pending
704,123,2025-03-18,withdrawal,internet_banking,4985.08,BRL,rejected
705,322,2025-01-16,transfer_in,internet_banking,496.06,BRL,approved
706,281,2026-04-11,deposit,atm,2499.57,BRL,approved
707,152,2026-01-08,withdrawal,atm,350.13,BRL,approved
708,37,2026-04-17,withdrawal,atm,3556.17,BRL,pending
709,132,2025-05-24,transfer_in,mobile_app,3254.96,BRL,rejected
710,250,2025-10-21,deposit,branch,1823.73,BRL,pending
711,318,2025-11-18,withdrawal,atm,2209.73,BRL,approved
712,350,2025-09-27,transfer_in,mobile_app,2534.65,BRL,rejected
713,330,2025-09-08,deposit,mobile_app,3707.8,BRL,approved
714,54,2026-02-13,payment,mobile_app,1885.35,BRL,approved
715,199,2025-12-24,transfer_in,branch,3349.06,BRL,pending
716,329,2026-04-22,transfer_out,mobile_app,4501.63,BRL,approved
717,93,2026-02-11,deposit,branch,4588.13,BRL,approved
718,206,2025-12-17,payment,branch,331.71,BRL,approved
719,360,2026-04-11,transfer_in,mobile_app,580.49,BRL,rejected
720,80,2025-08-07,transfer_in,atm,736.11,BRL,rejected
721,17,2025-03-05,transfer_out,atm,3873.29,BRL,pending
722,243,2025-01-24,withdrawal,branch,279.85,BRL,approved
723,130,2025-03-12,withdrawal,atm,427.12,BRL,pending
724,42,2026-04-08,payment,branch,4370.14,BRL,rejected
725,110,2025-02-25,payment,mobile_app,928.55,BRL,pending
726,176,2025-12-24,payment,branch,831.02,BRL,pending
727,244,2025-06-14,transfer_out,branch,3447.26,BRL,approved
728,355,2025-01-11,transfer_out,internet_banking,1951.8,BRL,approved
729,371,2025-11-28,transfer_out,atm,3086.4,BRL,approved
730,78,2026-05-27,transfer_in,atm,4669.76,BRL,approved
731,346,2025-01-04,transfer_in,branch,1321.39,BRL,approved
732,325,2025-04-10,transfer_in,mobile_app,3198.19,BRL,approved
733,97,2025-06-20,transfer_in,branch,3485.27,BRL,approved
734,179,2025-01-15,withdrawal,atm,4762.36,BRL,approved
735,9,2026-05-30,payment,mobile_app,4484.31,BRL,pending
736,333,2025-12-27,transfer_in,atm,2076.13,BRL,rejected
737,219,2025-12-10,transfer_out,mobile_app,4870.61,BRL,approved
738,235,2025-06-16,transfer_in,branch,1871.88,BRL,pending
739,146,2025-04-12,transfer_in,mobile_app,3174.2,BRL,approved
740,46,2026-02-26,deposit,mobile_app,3085.14,BRL,pending
741,320,2026-03-31,transfer_out,mobile_app,507.51,BRL,approved
742,216,2026-04-11,withdrawal,branch,1122.17,BRL,approved
743,101,2025-12-26,transfer_in,branch,4753.25,BRL,pending
744,331,2026-01-19,transfer_in,internet_banking,47.95,BRL,rejected
745,146,2025-09-28,payment,atm,4399.24,BRL,pending
746,345,2026-03-01,withdrawal,mobile_app,30.75,BRL,approved
747,14,2025-11-22,withdrawal,atm,3954.65,BRL,approved
748,293,2026-02-05,transfer_in,internet_banking,1216.74,BRL,rejected
749,330,2026-03-16,transfer_in,internet_banking,4144.46,BRL,pending
750,373,2025-11-22,withdrawal,internet_banking,2021.56,BRL,pending
751,119,2025-05-10,deposit,mobile_app,3553.02,BRL,rejected
752,201,2025-06-12,payment,atm,4188.32,BRL,approved
753,48,2025-01-12,deposit,internet_banking,137.94,BRL,approved
754,317,2025-03-22,transfer_out,branch,4603.77,BRL,approved
755,376,2026-01-02,withdrawal,internet_banking,4917.24,BRL,approved
756,335,2025-09-09,withdrawal,branch,1491.64,BRL,approved
757,338,2025-05-28,deposit,mobile_app,1382.07,BRL,rejected
758,53,2025-05-06,deposit,mobile_app,2301.05,BRL,approved
759,145,2025-04-06,payment,mobile_app,4474.08,BRL,pending
760,186,2026-05-18,withdrawal,mobile_app,1960.09,BRL,pending
761,38,2025-03-20,transfer_in,internet_banking,4796.49,BRL,pending
762,193,2026-04-07,payment,internet_banking,3171.42,BRL,approved
763,153,2025-02-02,deposit,mobile_app,4519.15,BRL,approved
764,178,2025-01-06,transfer_in,internet_banking,4974.63,BRL,rejected
765,131,2025-01-31,deposit,mobile_app,972.3,BRL,rejected
766,263,2026-01-09,withdrawal,mobile_app,1089.37,BRL,approved
767,16,2025-03-27,payment,internet_banking,701.44,BRL,approved
768,141,2025-04-05,transfer_in,atm,1004.2,BRL,rejected
769,334,2026-05-23,payment,branch,2340.55,BRL,rejected
770,205,2025-07-22,withdrawal,atm,1257.96,BRL,pending
771,53,2025-11-16,transfer_out,internet_banking,3967.83,BRL,approved
772,370,2026-04-02,transfer_in,branch,2173.02,BRL,rejected
773,140,2026-01-28,payment,branch,3118.33,BRL,approved
774,291,2025-03-07,payment,branch,1876.06,BRL,approved
775,18,2026-02-24,transfer_out,atm,1272.79,BRL,rejected
776,331,2025-01-31,transfer_out,mobile_app,1767.74,BRL,approved
777,166,2026-01-02,transfer_in,internet_banking,3956.57,BRL,approved
778,111,2025-11-18,payment,mobile_app,1866.1,BRL,approved
779,164,2025-08-07,deposit,branch,3586.85,BRL,rejected
780,165,2026-01-30,withdrawal,atm,2812.59,BRL,rejected
781,109,2025-10-12,transfer_out,mobile_app,1095.14,BRL,rejected
782,331,2026-03-22,transfer_in,atm,3413.84,BRL,approved
783,102,2026-05-21,withdrawal,branch,257.8,BRL,approved
784,141,2026-04-09,transfer_in,internet_banking,605.1,BRL,rejected
785,168,2025-01-22,transfer_out,atm,1920.46,BRL,approved
786,330,2026-04-18,transfer_out,atm,4939.89,BRL,approved
787,207,2025-02-10,deposit,atm,4480.19,BRL,approved
788,36,2026-03-02,transfer_in,atm,484.65,BRL,approved
789,163,2025-11-17,payment,branch,2007.72,BRL,rejected
790,25,2026-04-11,transfer_in,branch,1499.23,BRL,approved
791,192,2025-08-18,transfer_out,mobile_app,522.69,BRL,approved
792,72,2026-03-23,deposit,internet_banking,4967.77,BRL,approved
793,46,2026-01-13,withdrawal,mobile_app,3623.3,BRL,approved
794,133,2025-11-08,deposit,mobile_app,562.91,BRL,approved
795,169,2026-01-24,transfer_out,atm,3960.22,BRL,approved
796,71,2025-05-10,transfer_out,atm,2308.86,BRL,approved
797,300,2025-05-06,transfer_in,internet_banking,3188.15,BRL,rejected
798,245,2025-11-26,transfer_in,branch,4881.98,BRL,approved
799,48,2025-03-26,payment,atm,3833.35,BRL,rejected
800,125,2025-03-18,withdrawal,branch,3477.88,BRL,approved
801,109,2026-04-25,deposit,branch,3355.79,BRL,approved
802,250,2025-11-17,deposit,atm,1708.85,BRL,pending
803,336,2025-04-19,withdrawal,internet_banking,4240.56,BRL,approved
804,187,2025-07-27,transfer_in,branch,4875.57,BRL,approved
805,36,2025-11-11,payment,mobile_app,2121.24,BRL,approved
806,237,2025-09-04,deposit,mobile_app,3727.68,BRL,pending
807,96,2026-04-09,payment,atm,152.65,BRL,approved
808,61,2026-03-18,transfer_out,internet_banking,429.49,BRL,approved
809,204,2025-12-08,transfer_out,mobile_app,2159.93,BRL,pending
810,140,2026-01-27,payment,branch,498.09,BRL,approved
811,151,2025-10-10,withdrawal,branch,2019.43,BRL,rejected
812,222,2025-09-12,deposit,mobile_app,3408.99,BRL,approved
813,59,2025-09-30,deposit,internet_banking,4476.34,BRL,approved
814,273,2026-02-19,deposit,branch,1384.54,BRL,pending
815,52,2025-10-02,withdrawal,branch,3672.28,BRL,approved
816,88,2025-10-22,withdrawal,atm,1744.69,BRL,approved
817,49,2026-05-04,withdrawal,atm,2521.17,BRL,approved
818,88,2025-06-20,payment,internet_banking,3410.4,BRL,approved
819,234,2026-05-01,withdrawal,branch,4811.59,BRL,approved
820,11,2025-03-20,withdrawal,internet_banking,4872.11,BRL,approved
821,305,2025-01-02,payment,branch,4848.01,BRL,approved
822,242,2025-01-18,deposit,atm,235.43,BRL,approved
823,269,2025-05-31,transfer_out,mobile_app,844.85,BRL,approved
824,156,2025-12-26,payment,atm,2268.56,BRL,pending
825,130,2025-12-28,payment,atm,2299.17,BRL,approved
826,266,2025-10-04,transfer_out,mobile_app,2426.93,BRL,approved
827,211,2025-05-26,withdrawal,atm,3300.24,BRL,pending
828,16,2026-03-18,withdrawal,atm,2892.15,BRL,approved
829,46,2026-01-22,withdrawal,mobile_app,4604.03,BRL,approved
830,321,2026-04-06,transfer_out,internet_banking,4497.11,BRL,approved
831,348,2026-02-05,payment,branch,4441.09,BRL,approved
832,159,2025-12-18,withdrawal,mobile_app,215.09,BRL,pending
833,233,2025-12-22,transfer_out,atm,4841.08,BRL,approved
834,5,2025-05-31,transfer_in,branch,4636.89,BRL,approved
835,268,2025-06-16,payment,atm,3122.74,BRL,pending
836,148,2025-01-16,deposit,branch,4000.93,BRL,approved
837,112,2025-05-07,payment,mobile_app,4129.1,BRL,pending
838,157,2025-01-01,deposit,mobile_app,2157.31,BRL,approved
839,71,2026-05-30,payment,internet_banking,4394.82,BRL,approved
840,366,2025-07-21,payment,branch,721.79,BRL,rejected
841,42,2026-04-30,payment,atm,1102.1,BRL,approved
842,348,2025-04-11,transfer_in,atm,2118.59,BRL,approved
843,306,2026-03-23,payment,atm,874.78,BRL,rejected
844,72,2026-03-03,withdrawal,internet_banking,1257.6,BRL,approved
845,157,2026-04-18,deposit,internet_banking,1493.7,BRL,pending
846,224,2026-03-29,deposit,atm,701.66,BRL,rejected
847,351,2026-03-14,payment,branch,2347.21,BRL,pending
848,211,2025-01-28,transfer_in,branch,148.09,BRL,approved
849,72,2025-09-06,transfer_out,atm,4535.18,BRL,approved
850,318,2025-10-28,transfer_out,mobile_app,4500.56,BRL,pending
851,65,2026-04-19,transfer_in,branch,3353.7,BRL,approved
852,44,2025-04-20,deposit,atm,1358.17,BRL,rejected
853,50,2025-12-06,payment,mobile_app,2831.56,BRL,approved
854,300,2025-02-24,transfer_out,internet_banking,3699.42,BRL,rejected
855,74,2026-05-23,transfer_out,internet_banking,3704.72,BRL,approved
856,346,2025-11-15,withdrawal,mobile_app,1511.45,BRL,pending
857,320,2025-01-01,withdrawal,internet_banking,582.4,BRL,rejected
858,62,2025-07-29,transfer_out,mobile_app,493.35,BRL,pending
859,13,2025-02-26,transfer_out,mobile_app,2224.64,BRL,approved
860,208,2025-08-29,transfer_in,atm,4913.65,BRL,rejected
861,349,2025-05-07,transfer_in,branch,4297.98,BRL,approved
862,326,2025-09-04,deposit,internet_banking,932.19,BRL,rejected
863,359,2026-05-07,transfer_out,atm,1009.75,BRL,approved
864,342,2026-05-20,deposit,atm,4795.87,BRL,approved
865,201,2025-04-20,transfer_in,branch,3491.29,BRL,pending
866,218,2026-04-14,withdrawal,mobile_app,149.57,BRL,rejected
867,200,2025-02-04,deposit,branch,2906.88,BRL,approved
868,182,2026-04-15,withdrawal,atm,2344.86,BRL,approved
869,82,2026-05-31,payment,internet_banking,2508.19,BRL,approved
870,362,2025-03-06,transfer_out,internet_banking,1959.22,BRL,approved
871,181,2025-05-24,transfer_out,atm,1703.06,BRL,approved
872,202,2026-05-11,deposit,branch,4581.64,BRL,pending
873,311,2025-09-23,withdrawal,internet_banking,2884.43,BRL,approved
874,302,2026-02-18,transfer_out,mobile_app,1747.0,BRL,approved
875,16,2025-04-19,withdrawal,branch,1166.2,BRL,pending
876,166,2025-08-31,withdrawal,mobile_app,4906.83,BRL,approved
877,373,2026-03-07,transfer_in,mobile_app,3781.51,BRL,approved
878,314,2025-03-16,payment,branch,581.22,BRL,approved
879,311,2025-11-25,deposit,mobile_app,4618.52,BRL,pending
880,194,2025-07-24,withdrawal,internet_banking,4944.47,BRL,approved
881,252,2025-08-19,transfer_in,internet_banking,3397.46,BRL,approved
882,223,2025-07-16,transfer_out,mobile_app,4045.27,BRL,rejected
883,13,2025-05-24,deposit,mobile_app,1025.66,BRL,approved
884,209,2025-03-15,transfer_out,atm,2737.44,BRL,approved
885,350,2025-08-01,transfer_out,branch,2485.92,BRL,rejected
886,181,2025-05-22,payment,mobile_app,3096.21,BRL,pending
887,219,2025-03-22,transfer_in,internet_banking,4371.14,BRL,rejected
888,153,2025-08-25,deposit,mobile_app,598.46,BRL,rejected
889,277,2025-10-24,payment,atm,122.49,BRL,pending
890,361,2025-06-11,payment,atm,349.08,BRL,approved
891,274,2026-05-28,transfer_out,atm,1214.58,BRL,pending
892,317,2025-04-24,deposit,branch,2734.25,BRL,approved
893,335,2026-03-08,deposit,atm,171.05,BRL,approved
894,172,2025-12-04,deposit,mobile_app,705.05,BRL,approved
895,253,2025-02-06,deposit,atm,4030.25,BRL,approved
896,214,2025-03-24,transfer_out,branch,3699.05,BRL,approved
897,139,2026-05-24,deposit,internet_banking,529.27,BRL,approved
898,221,2025-08-22,transfer_in,mobile_app,1524.06,BRL,approved
899,14,2026-01-24,withdrawal,mobile_app,2675.59,BRL,rejected
900,247,2026-01-22,deposit,internet_banking,1941.75,BRL,pending
901,360,2025-04-29,transfer_in,branch,2752.23,BRL,approved
902,316,2025-12-18,payment,branch,1765.43,BRL,approved
903,122,2025-01-11,withdrawal,internet_banking,469.03,BRL,pending
904,275,2025-01-16,transfer_out,internet_banking,238.44,BRL,approved
905,40,2025-07-04,deposit,atm,642.31,BRL,approved
906,161,2025-09-08,payment,atm,3016.06,BRL,approved
907,311,2025-05-06,transfer_in,mobile_app,2398.72,BRL,approved
908,129,2026-01-01,transfer_out,internet_banking,1037.25,BRL,pending
909,366,2025-10-27,payment,internet_banking,4707.72,BRL,rejected
910,137,2026-05-31,payment,mobile_app,3491.88,BRL,approved
911,178,2026-05-13,transfer_in,atm,3530.45,BRL,approved
912,105,2025-08-25,withdrawal,atm,4208.71,BRL,rejected
913,108,2025-05-26,deposit,mobile_app,1868.23,BRL,approved
914,358,2026-04-10,transfer_in,mobile_app,3253.04,BRL,approved
915,256,2026-01-29,deposit,atm,1358.79,BRL,approved
916,31,2026-01-29,payment,branch,4274.33,BRL,approved
917,196,2025-08-18,transfer_in,internet_banking,2225.66,BRL,pending
918,95,2025-11-09,transfer_in,mobile_app,2667.13,BRL,rejected
919,179,2025-12-11,deposit,atm,4551.17,BRL,rejected
920,111,2026-03-21,deposit,branch,1711.31,BRL,approved
921,56,2025-10-22,transfer_out,branch,1946.67,BRL,pending
922,294,2025-09-24,transfer_out,internet_banking,3847.37,BRL,pending
923,240,2025-01-16,withdrawal,atm,668.04,BRL,approved
924,44,2025-10-30,withdrawal,atm,3858.98,BRL,rejected
925,203,2026-01-06,deposit,atm,3081.58,BRL,approved
926,335,2025-11-11,transfer_out,atm,71.57,BRL,approved
927,92,2026-03-27,transfer_in,mobile_app,2318.99,BRL,pending
928,19,2025-08-12,payment,branch,2406.24,BRL,approved
929,297,2025-11-18,deposit,mobile_app,1389.46,BRL,pending
930,93,2025-10-10,payment,atm,3832.22,BRL,pending
931,66,2025-05-31,withdrawal,mobile_app,3155.39,BRL,approved
932,59,2026-03-27,deposit,atm,929.43,BRL,approved
933,284,2025-09-23,withdrawal,atm,313.46,BRL,approved
934,348,2025-02-15,payment,internet_banking,2706.8,BRL,approved
935,56,2025-04-26,deposit,mobile_app,2539.62,BRL,approved
936,105,2026-03-02,payment,mobile_app,2856.13,BRL,pending
937,145,2026-01-04,withdrawal,atm,133.23,BRL,pending
938,334,2025-10-29,payment,mobile_app,2358.72,BRL,approved
939,189,2025-06-03,deposit,mobile_app,1461.45,BRL,approved
940,312,2025-12-19,withdrawal,internet_banking,4042.09,BRL,pending
941,299,2025-06-03,deposit,branch,3288.73,BRL,approved
942,40,2026-03-05,withdrawal,mobile_app,2831.36,BRL,rejected
943,27,2026-03-28,transfer_out,atm,2366.92,BRL,approved
944,100,2025-09-07,transfer_out,atm,1472.4,BRL,approved
945,186,2025-04-29,withdrawal,internet_banking,2284.55,BRL,pending
946,376,2025-12-27,transfer_in,mobile_app,1815.79,BRL,approved
947,335,2026-04-05,transfer_in,branch,3030.04,BRL,approved
948,292,2025-09-08,withdrawal,branch,4629.33,BRL,rejected
949,341,2025-10-21,withdrawal,atm,3031.67,BRL,approved
950,61,2025-06-01,deposit,branch,2048.43,BRL,approved
951,93,2025-05-04,transfer_in,branch,87.41,BRL,approved
952,284,2025-05-10,transfer_in,mobile_app,3716.84,BRL,pending
953,13,2025-05-16,withdrawal,branch,4949.77,BRL,pending
954,182,2025-09-05,withdrawal,atm,2017.56,BRL,approved
955,173,2025-04-21,payment,mobile_app,2961.48,BRL,approved
956,182,2026-04-06,transfer_in,branch,4554.26,BRL,approved
957,245,2025-03-27,withdrawal,internet_banking,3669.88,BRL,approved
958,304,2026-04-10,transfer_out,branch,1855.67,BRL,approved
959,225,2025-10-14,withdrawal,mobile_app,2548.25,BRL,approved
960,153,2026-03-13,transfer_in,atm,1712.17,BRL,approved
961,197,2025-05-27,payment,mobile_app,3788.93,BRL,approved
962,221,2025-11-18,transfer_out,mobile_app,1398.5,BRL,approved
963,146,2025-10-08,withdrawal,branch,601.57,BRL,pending
964,115,2025-09-23,withdrawal,mobile_app,1449.51,BRL,approved
965,342,2025-07-31,payment,internet_banking,713.61,BRL,approved
966,307,2025-07-19,deposit,mobile_app,4799.68,BRL,pending
967,14,2026-03-13,payment,branch,1023.67,BRL,rejected
968,65,2025-04-23,transfer_in,mobile_app,1481.76,BRL,pending
969,222,2025-05-21,transfer_in,atm,1322.65,BRL,approved
970,182,2025-08-16,deposit,mobile_app,3723.94,BRL,approved
971,81,2026-04-10,transfer_out,mobile_app,1683.33,BRL,approved
972,20,2025-11-22,transfer_in,internet_banking,511.19,BRL,rejected
973,339,2025-01-09,deposit,internet_banking,4746.42,BRL,approved
974,301,2025-08-14,transfer_in,internet_banking,4361.85,BRL,approved
975,241,2025-07-11,withdrawal,branch,2427.69,BRL,approved
976,68,2025-04-01,withdrawal,internet_banking,3177.52,BRL,approved
977,223,2025-08-02,deposit,internet_banking,2458.55,BRL,approved
978,215,2025-08-29,payment,atm,3070.76,BRL,pending
979,272,2025-08-26,withdrawal,atm,4390.67,BRL,pending
980,251,2026-05-08,transfer_in,atm,2993.23,BRL,approved
981,113,2025-10-22,deposit,branch,4814.97,BRL,pending
982,167,2025-04-29,withdrawal,internet_banking,3315.47,BRL,pending
983,164,2026-02-12,deposit,internet_banking,1744.42,BRL,pending
984,251,2025-08-29,transfer_out,mobile_app,2065.89,BRL,approved
985,138,2026-02-23,transfer_out,mobile_app,1083.38,BRL,rejected
986,166,2026-02-26,payment,branch,3378.2,BRL,pending
987,218,2025-02-25,transfer_in,atm,1310.89,BRL,pending
988,373,2025-02-16,withdrawal,atm,1705.81,BRL,pending
989,210,2025-06-20,withdrawal,internet_banking,2866.8,BRL,approved
990,315,2025-01-21,transfer_out,mobile_app,1655.12,BRL,pending
991,47,2025-03-06,payment,mobile_app,4562.02,BRL,rejected
992,108,2025-06-10,payment,branch,2682.01,BRL,approved
993,149,2025-12-06,withdrawal,branch,4554.16,BRL,approved
994,284,2025-02-06,withdrawal,mobile_app,4700.67,BRL,rejected
995,53,2026-05-12,transfer_out,mobile_app,1995.71,BRL,approved
996,145,2025-09-11,payment,mobile_app,130.98,BRL,approved
997,64,2025-05-15,transfer_in,atm,3279.83,BRL,approved
998,40,2026-03-02,deposit,mobile_app,2527.5,BRL,approved
999,278,2025-04-08,transfer_out,branch,4595.68,BRL,approved
1000,311,2026-03-12,payment,mobile_app,3926.01,BRL,approved
